title,company,location
information technology (IT) support technician,Roca Networks Inc.,Markham (ON)
technical support specialist – information technology (IT),Uniway Computers NW,Calgary (AB)
technical support specialist – information technology (IT),Canada Micro Services,Brampton (ON)
technical support specialist – information technology (IT),Banff Caribou Properties Ltd.,Banff (AB)
information technology (IT) support technician,Greenbelt Family Health Team,Nepean (ON)
information technology (IT) support technician,International Telecom Inc,Halifax (NS)
information technology (IT) support technician,Kinoomaadziwin Education Body,North Bay (ON)
information technology (IT) support technician,Black Arrow Construction,North York (ON)
information technology (IT) support technician,GreenSaving Group Inc.,Richmond Hill (ON)
information technology (IT) support technician,Maverick InfoSec,Langley (BC)
technical support specialist – information technology (IT),Karmakarah Technologies Inc,Moncton (NB)
